mz,intensity,rt
193.08591,29721,451.8
834.91746,42854,319.8
253.09104,58265,401.4
588.36658,180846,581.4
158.09626,12333,108
226.12592,130502,256.8
321.1088,32883,297.6
176.12675,26890,297.6
242.13768,148690,529.8
279.2074,48552,401.4
212.1802,84570,552.6
537.67604,45126,493.8
406.05925,88589,138
596.3755,58896,514.8
275.12192,439391,355.8
278.20092,75219,401.4
221.17529,71346,72
393.2085,80766,289.2
264.1379,32204,384.6
292.12147,4604629,717
330.08791,33357,737.4
547.19831,60986,526.8
575.88686,51939,644.4
517.01098,31215,352.8
491.13234,28966,387.6
536.37116,31268,589.8
355.2147,133113,717
358.20721,438390,268.8
202.23034,56708,641.4
544.3685,57092,352.8
200.14747,110771,472.8
478.15228,46306,111
208.16434,365802,207
363.11209,103681,798.6
280.10582,68112,399
298.18822,2195684,626.4
417.06699,35871,693
397.19985,21553,937.2
415.18927,2436052,575.4
313.21847,97292,445.8
321.11232,30356,297.6
373.17826,50738,256.8
159.97557,39992,44.4
321.13354,2056234,607.8
235.17162,99130,277.8
124.07307,21229,195
333.1284,54536,47.4
294.20628,4248968,437.4
218.10752,12990,126
350.98706,666581,671.4
325.10451,83214,352.8
279.15922,4201576,881.4
245.23002,31333,274.8
534.34351,78567,426.6
192.08254,19776,231.6
567.36858,26566,505.8
217.11063,29814,421.8
536.31955,75314,424.2
254.23847,704367,384.6
262.02627,349796,448.8
136.08824,133868,60.6
120.07345,19927,141
226.14517,50791,426.6
310.03965,89541,381.6
513.66384,40928,705.6
371.04668,243122,632.4
456.3147,73882,496.8
177.05438,24800,412.8
339.19791,22831,101.4
253.22738,46092,252
198.15989,134381,96
201.12131,2419956,469.8
216.11812,123662,543.6
674.46665,31362,460.8
157.02391,129195,63.6
215.08481,13431958,478.8
308.04139,26808,364.2
236.16399,14103,955.8
184.1331,99408,283.8
267.04061,129333,243
365.07665,1203982,732
226.14967,41918,424.2
272.17782,17578,254.4
222.16719,157862,532.8
310.22258,53025,240
158.09216,18181,51
479.6401,46826,662.4
193.131,20624,1513.8
226.19111,197154,198
337.64267,15860,204
346.05107,4013159,437.4
611.25528,114601,589.8
256.18617,30094,511.8
258.18478,140061,454.8
167.10391,48002,373.2
238.11992,68380,705.6
555.36303,103488,274.8
456.29128,30889,472.8
281.87991,23545,620.4
246.07677,9137,57.6
243.07331,36191,344.4
151.09636,1031254,83.4
230.07868,947196,361.8
376.78353,42078,387.6
289.28255,47627,807.6
228.23775,24236,762
507.36802,83207,1102.8
260.16455,15572942,429.6
385.09586,314974,577.8
284.23441,45278,399
298.29088,37233,649.8
250.09918,45233,717
153.08738,23701,219
262.21602,29143,463.8
440.94427,24433,584.4
305.10768,1027026,804.6
234.19613,83516,283.8
389.18626,31384,659.4
451.12546,42372,523.8
594.29471,41215,581.4
247.16458,32817,132
197.16483,1757113,339
531.31777,2203042,330.6
237.09172,63284,490.2
232.12015,17537,240
546.18684,45262,249
365.20697,1734009,535.8
216.17833,52710,350.4
563.26175,85863,726
273.15482,16994,903
228.27682,131255,759
347.13793,2101898,66.6
235.14246,46984,635.4
370.19758,66261,256.8
251.16025,58906,325.2
280.06653,774783,300.6
502.84735,31934,589.8
522.36851,85750,729.6
432.14589,16736,129
299.03724,743692,478.8
620.9043,36846,543.6
195.08324,30862,262.8
248.1167,36995,96
349.10536,1008677,820.2
256.02075,2004141,180.6
565.70732,42888,684
375.24449,64883,390
221.13586,42887,523.8
304.06774,23623,86.4
373.0678,44897,786.6
721.07585,60874,740.4
192.08074,29774,234
141.97983,101394,89.4
291.20415,674924,189.6
494.25658,58045,336
153.11256,35954,216
560.20039,102937,177.6
220.1436,32424,305.4
278.18281,46340,838.8
273.1255,15435,123
304.28129,61694,595.8
284.16446,1657910,451.8
752.53437,2329698,387.6
309.12426,66354,390
285.07893,8177481,629.4
174.05684,36756,283.8
303.07956,383429,629.4
435.24973,22154,1062.6
703.44618,54544,558
203.12758,69791,509.4
238.10039,32885,487.2
279.10751,45874,629.4
753.5082,232023,614.4
519.26281,34749,584.4
307.15086,12584,1071.6
572.39983,121440,409.8
319.95393,20079,141
149.02266,28396,265.8
278.18607,118315,424.2
409.12757,186117,347.4
418.19819,46075,339
185.07882,20915,159.6
281.11357,138773,396
226.11574,72703,426.6
623.25906,40945,457.8
317.19259,35535,529.8
592.25608,53138,735
404.22225,153798,563.4
240.07302,80491,595.8
155.10798,29907,216
165.09806,45301,98.4
164.12624,30630,92.4
167.12558,103820,75
254.16346,170097,451.8
126.10243,19897,674.4
202.07248,983660,409.8
525.34751,84624,481.8
344.08687,45559,297.6
377.04061,17802,753
315.17756,127039,589.8
301.20502,1384240,252
378.76048,97266,466.8
207.15468,83472,552.6
245.12305,73754,714.6
511.0316,20534,180.6
720.47026,64090,555
474.63269,41753,626.4
468.79887,40753,1105.8
202.15972,64707,286.2
562.02726,41127,743.4
413.17131,85445,587.4
923.60265,34773,555
270.24263,726534,614.4
602.41605,48758,387.6
138.10226,2946195,69
278.07375,36674,629.4
521.34377,20819,711.6
461.78027,110494,460.8
224.08357,5057076,732
177.12146,34472,153.6
220.0252,845979,117
585.86198,57137,566.4
216.13198,56934,732
276.09067,57029,632.4
274.22825,167859,328.2
115.03889,20448,256.8
588.39462,32388,361.8
590.71934,29124,659.4
551.36417,33264,677.4
212.16417,81245,373.2
228.09949,40559,460.8
489.31426,2370603,412.8
262.10402,27205,714.6
189.97906,53798,249
244.05547,84148,632.4
269.09574,51411,295.2
228.2152,41163,759
779.46384,31562,451.8
557.26701,34454,684
718.47364,50101,601.8
264.20207,193484,322.8
503.32956,231221,472.8
619.23593,34987,493.8
159.11188,154005,75
325.20118,42844,432
259.63471,28124,584.4
447.34652,50761,1509.6
227.40577,56866,759
323.10034,2051974,601.8
340.07739,22412,601.8
153.08495,23389,216
387.05782,197819,732
581.70825,27998,509.4
159.14886,90113,249
326.17079,33374,174.6
352.98389,139849,671.4
374.02181,75059,350.4
344.98414,116011,401.4
379.09691,29257,135
680.44877,1255494,684
288.28933,68557976,804.6
296.01215,39627,308.4
623.21127,185449,601.8
380.99089,36418,387.6
478.09775,17429,51
213.14739,35416,373.2
323.21534,51994,271.8
156.1018,1006805,421.8
275.23429,24244850,328.2
599.17358,75212,732
197.092,312019,192
502.37066,15535,1068.6
560.31745,37711,566.4
370.18002,26252380,254.4
459.95899,41180,626.4
130.96658,14534,1059.6
443.30696,39194,610.8
228.14038,28509,595.8
560.38002,42473,681
126.1124,7537,57.6
214.14296,11156,66.6
547.40293,49880,1065.6
398.08678,28142,135
288.29982,175200,807.6
122.07121,20797,57.6
421.29779,35647,921.6
288.30721,135404,807.6
400.16519,53090,475.8
213.08582,38768,538.8
234.17446,41187,732
285.20431,66855,717
256.31346,41960,909
596.88108,27492,575.4
539.41457,81452,1108.8
380.73598,78573,466.8
543.29562,170551,404.4
317.11037,500156,774
279.16382,7474317,111
356.04759,336808,460.8
166.11861,70483,192
489.22329,39632,341.4
176.97401,251889,41.4
381.72558,70674,378.6
455.11375,102030,499.8
563.27098,47343,729.6
248.97855,85506,581.4
449.09291,509494,228
318.21737,45932,364.2
271.02466,62125,228
480.95634,26922,665.4
349.1488,17265,41.4
406.09362,59951,352.8
304.28289,31638,592.8
242.11742,73780,378.6
312.16073,1461860,729.6
314.16903,10972,165
172.07164,2550106,138
239.13808,13353,231.6
123.08496,26713,78
644.4554,25436,496.8
340.05727,104988,604.8
398.11177,64345,493.8
240.09598,8305014,303
590.42598,265068,1062.6
278.09199,3605188,572.4
414.05244,161453,277.8
171.09936,147085,265.8
234.19626,136101,364.2
532.32082,323530,330.6
267.17205,2851245,896.4
322.2128,804856,271.8
498.1943,391458,490.2
296.26957,42064,681
136.10965,31717,237
233.18531,139485,89.4
186.22166,291556,610.8
244.13408,71718,487.2
402.28902,24878,1105.8
632.80537,47578,92.4
343.16721,48989,795.6
228.11301,10709,156.6
678.44641,49218,624
477.11756,52660,336
253.05514,97430,141
289.12374,94531,475.8
132.04958,14473,168.6
264.13814,145047,708.6
380.09873,2083346,693
354.23652,28105,297.6
404.20686,10448701,659.4
591.71032,35643,747
385.20851,297779,921.6
288.10888,28771,499.8
301.09072,285842,538.8
292.04932,252096,361.8
239.12671,33712,424.2
522.0141,59623,677.4
404.19498,57639,659.4
271.04647,26582,577.8
516.33924,33802,589.8
282.16024,169915,546.6
431.20938,533080,300.6
549.35151,23371,598.8
161.08086,46779,295.2
155.12906,189796,104.4
242.16398,55010,529.8
342.73252,40550,390
299.18621,25646,350.4
304.26384,19290432,592.8
304.3044,60103,844.8
746.42621,23250,921.6
151.0865,2018599,355.8
312.08203,53040,361.8
150.12725,20348,101.4
917.52863,42017,511.8
463.30282,688398,1062.6
612.90367,45164,610.8
239.08895,104545,319.8
130.15879,49632,448.8
164.20935,20298,92.4
381.23765,27098,466.8
522.22223,55902,373.2
551.02979,33991,684
305.1595,27329,668.4
158.09642,20762,271.8
297.04026,1077776,387.6
141.08136,17618,117
565.37063,318345,448.8
606.42628,150960,1108.8
232.11764,29606,243
188.06994,12447413,361.8
486.29592,442236,549.6
353.11376,100615,63.6
737.50172,196797,1105.8
174.07583,19446,108
304.24079,19050,592.8
232.15546,37191,165
535.32989,33261,514.8
232.17701,16428,165
446.2843,184063,1105.8
485.23987,49909,732
216.19543,56476,561
425.1502,684289,523.8
581.8761,23721,604.8
560.26324,71244,771
450.26955,40674,347.4
213.06701,41236,655.8
246.12826,155427,243
226.10228,91427,168.6
326.21661,56441,305.4
255.1462,2572029,563.4
149.02301,83439,561
626.41756,48952,696
352.11907,1288928,496.8
141.08322,12055,117
119.08118,1002268,57.6
415.32338,50142,1059.6
300.1597,11592256,174.6
169.13315,32543,114
264.20124,35101,412.8
403.25156,27846,472.8
532.8523,116601,514.8
293.11066,301801,737.4
570.37542,24504,717
456.26771,514279,330.6
238.1434,23876,838.8
157.01451,86966,60.6
169.0834,12301,1022.4
430.16916,222324,526.8
213.14629,36866,543.6
542.4259,214360,1053.6
178.12272,287360,108
238.15097,4782711,614.4
153.10726,39691,213
285.1721,38079,336
202.96684,77868,69
398.30599,26026,1105.8
220.12055,32168,308.4
262.19072,50944,177.6
578.28348,42116,729.6
194.11746,33692,355.8
309.20376,975632,962.4
176.12796,40490,367.2
333.1486,22939,162.6
195.13931,33743,546.6
416.08272,28809,496.8
189.07311,788609,361.8
228.27986,46575,759
430.28185,159152,421.8
412.30727,18622,1053.6
283.87695,36355,620.4
566.69623,22669,783.6
356.24619,171408,457.8
157.04083,164142,60.6
291.08822,47886,817.2
287.2316,374509,347.4
431.16176,86309,575.4
386.17458,1371322,289.2
591.38312,24401,747
178.91027,15761,44.4
225.1096,20639,367.2
204.14403,3627508,256.8
222.02339,366996,117
256.01528,11095423,352.8
125.09595,55270,376.2
268.20856,54914,330.6
390.04206,36089,437.4
383.18206,27928,924.6
310.19857,58827,532.8
365.14586,22237,490.2
861.51917,84309,629.4
557.68676,32513,714.6
316.18511,30301,231.6
276.10879,32997,370.2
144.11468,85453,44.4
295.23589,60025,563.4
258.12108,130451,156.6
246.12578,1027636,344.4
216.12266,15631,108
160.03346,193159,60.6
288.27719,123006,807.6
135.54886,15412,162.6
463.20251,46943,620.4
370.21091,39910,256.8
404.42888,2852464,641.4
228.24641,79382,762
310.25156,45214,535.8
320.2759,5404770,532.8
254.1375,57737,563.4
269.11717,45171,295.2
452.27535,77753,401.4
370.17785,64976,268.8
288.20098,154989,454.8
144.94805,31865,1405.8
220.11593,524597,347.4
218.21121,213802,418.8
593.24009,41996,344.4
134.07561,29560,316.8
266.14733,23671,684
190.06682,4037163,361.8
650.91125,26316,693
295.16702,1051725,909
487.10273,35253,659.4
192.11123,23159,300.6
185.13606,29461,89.4
200.11446,65399,472.8
213.12128,414817,213
795.8915,19377,98.4
124.07549,29868,268.8
239.1616,270840,740.4
436.23308,109938,690
363.20385,34333,626.4
273.18866,634594,262.8
198.14336,97768,316.8
317.15794,151616,153.6
215.25612,219634,783.6
232.15697,32784,165
505.23499,167081,487.2
156.15742,233686,183.6
216.09803,175953,529.8
212.06494,46871,538.8
150.09105,14369,890.4
278.1737,34631,552.6
550.36122,19231,937.2
310.20663,17488,41.4
293.2223,73011,502.8
214.14473,167412,437.4
385.76833,38260,505.8
278.95575,44095,671.4
245.07825,13822,940.2
412.76273,96052,629.4
255.23153,248052,823.2
451.60823,50937,460.8
593.36159,38996,626.4
170.9629,64503,41.4
304.28537,24966,595.8
577.36654,1034497,437.4
144.94804,396223,41.4
216.12282,88131,352.8
450.37717,40190,921.6
316.10929,857331,370.2
130.16084,44715,219
565.35915,60553,344.4
271.04837,38348,396
198.15289,43274,316.8
177.95579,15282,12.6
237.09781,134028,490.2
447.23545,1803458,581.4
457.29133,20226,909
578.37358,80254,373.2
206.08124,747901,783.6
210.11672,145058,440.4
159.09125,13624,256.8
172.13641,19046,234
251.18284,2197742,319.8
239.12547,57142,313.8
311.21132,1639957,592.8
310.12955,41396,592.8
289.13231,156163,903
395.21292,77558,575.4
523.83457,38615,517.8
249.00683,59837,361.8
315.21807,93130,445.8
233.1521,15933,165
290.18624,21076,150
148.16337,29618,355.8
380.09321,296130,717
394.13643,55071,51
325.09689,1392225,440.4
446.12749,28847,940.2
583.39128,16616,1125
488.8346,22638,1102.8
253.15612,23240,448.8
178.07917,93253,277.8
651.18593,87546,370.2
426.27023,27101,581.4
708.47296,26826,499.8
212.25288,62173,373.2
391.22241,221134,747
310.23505,60462,912.6
239.05864,36326,481.8
277.26331,26646,177.6
256.2269,245370,577.8
256.02293,23269,350.4
328.26133,48043,231.6
410.3101,45193,409.8
206.99012,1706384,532.8
364.05836,69769,813.6
242.15438,48521,529.8
547.35158,41150,740.4
365.2201,352734,681
641.42331,59908,655.8
467.30759,23400,708.6
300.13994,141256,286.2
162.96901,24698,177.6
560.88213,32443,687
145.12195,168164,373.2
196.14421,504469,66.6
314.15774,346835,729.6
214.08301,1004127,523.8
437.19274,226908,768
280.03103,27398,592.8
509.1829,45074,575.4
204.15922,30900,457.8
235.23293,30945,277.8
256.05943,5449164,308.4
830.22608,223973,624
361.18284,20655,210
246.05239,201924,460.8
429.29796,28257,526.8
267.15835,19753,514.8
298.29509,25204,649.8
271.23586,3957114,322.8
484.25782,37219,487.2
542.02011,23212,617.4
263.21157,201547,384.6
293.2079,27088,96
238.14833,168483,632.4
388.11338,18816,138
336.04609,293860,426.6
531.34561,36617,555
479.11227,81813,396
402.02836,70361,732
531.2965,129888,174.6
273.1824,40771,896.4
512.83007,26084,418.8
489.81595,1102844,412.8
232.4958,22261,165
410.11435,200716,381.6
289.19906,69184,662.4
721.32008,492729,835.8
427.10921,1702897,624
318.10453,40783,774
400.07104,38739,662.4
161.09645,21748,129
289.29848,134348,804.6
659.40168,497328,900
528.37143,93664,399
238.15531,46385,614.4
252.14652,17333,900
538.01408,27650,677.4
286.10328,47471,325.2
285.13292,27322,659.4
425.17604,106080,440.4
540.41712,22908,1108.8
232.15448,37296,484.2
368.75639,330222,390
154.09907,71506,213
305.16541,43063,333
302.19429,19777,98.4
567.69286,26347,505.8
370.16807,76300,254.4
331.22401,37124,1056.6
256.11702,41517,569.4
264.16641,46127,322.8
144.09159,15786,44.4
558.33037,78809,432
198.14494,98270,319.8
421.09731,231890,437.4
234.13565,42733,502.8
364.10672,552885,546.6
336.09422,83364,717
205.12209,43485,584.4
447.34789,518338,549.6
382.1378,37886,51
285.111,1621719,249
243.97043,38701,259.8
285.16766,216194,451.8
279.10099,310824,399
262.12012,28536,617.4
564.35852,398783,344.4
495.33626,15747,1180.8
616.42664,77835,415.8
331.09052,23294,135
577.32831,77132,448.8
243.17013,115125,297.6
331.14042,276006,496.8
234.13196,499571,344.4
382.24093,8725276,563.4
419.31435,77242,1383.6
599.72798,20392,717
286.18393,1454707,336
236.15439,124530,502.8
241.15518,145053,313.8
459.18109,194611,316.8
260.0088,1125042,352.8
158.15389,368555,581.4
221.16442,22188,213
546.319,39879,252
383.25528,15331,1078.2
351.33648,37479,783.6
431.77007,96030,520.8
174.05086,37792,280.8
517.3202,40753,720.6
216.08091,113245,526.8
304.2558,152354,595.8
411.08988,60813,835.8
366.32092,51909,1050.6
155.12818,23745,177.6
539.1258,87429,399
153.07902,17691,216
391.7584,86618,472.8
254.21737,53404,723.6
153.0952,48927,216
171.05052,65159,72
317.2149,3896195,234
304.10996,28714,687
593.32461,761405,448.8
743.30158,223113,835.8
295.28453,19410,747
265.15812,33886,535.8
278.22389,85358,401.4
513.6606,32016,705.6
157.05071,73342,60.6
501.24074,314565,665.4
261.05191,33015,561
482.40381,23569,1128
399.15665,39897,509.4
432.15881,43733,823.2
454.3219,41628,549.6
328.06727,25965,681
507.25723,14966,216
231.10761,32202,601.8
279.1523,29575,881.4
255.20602,42067,96
153.03905,26194,216
416.2313,24292,111
484.33231,4059243,552.6
418.19699,72545,189.6
204.11303,18728,126
156.94912,104312,63.6
320.19853,25111,620.4
295.062,200357,626.4
454.62651,42480,696
154.1526,197807,246
443.96541,31791,620.4
330.30022,46133,832.2
157.04585,129014,63.6
201.13839,83524,328.2
423.27488,1425474,393
533.84199,499959,424.2
157.03043,392367,60.6
245.14133,104008,526.8
212.12272,46421,373.2
422.11252,123229,339
267.19111,16051,135
251.16829,158172,325.2
327.13727,8611409,406.8
326.08236,41214,487.2
429.27122,25427,454.8
244.25501,19193,835.8
375.11567,124683,817.2
234.16216,40471,509.4
328.14032,1606145,406.8
415.05052,29852,292.2
508.33162,60268,1065.6
121.06815,21265,86.4
408.18826,35625,421.8
263.13612,153098,529.8
477.04844,64865,350.4
254.05916,5067831,300.6
226.15998,380508,426.6
440.21234,36976,341.4
558.3406,185924,549.6
304.25393,43430,598.8
277.14328,20221,668.4
215.12527,230969,295.2
288.29522,614049,804.6
587.45493,36284,1053.6
424.07786,23951,289.2
435.13376,173581,168.6
683.00332,14492,153.6
243.12638,22077,906
154.08609,1107988,195
640.41014,17338,1065.6
144.08779,16390,44.4
289.28455,79605,804.6
241.09919,173626,737.4
252.14162,44364,393
126.2463,6937,54
235.14566,21427,274.8
560.19753,17810,177.6
189.07861,48132,330.6
200.06019,34389,435
494.33552,79951,511.8
236.1481,46847,617.4
238.15455,13231,147
256.05462,94687,300.6
207.11666,9703973,440.4
331.20848,14947181,432
555.85524,416667,432
278.18369,110496,552.6
310.07985,206085,635.4
227.92794,65116,759
244.2272,3586038,823.2
278.20719,336632,401.4
163.12312,5542560,283.8
348.08694,20885,213
389.21946,123846,708.6
298.28854,55736,635.4
354.24779,44364,404.4
260.17193,71863,429.6
604.40726,51743,690
259.22192,16222,204
312.15619,107062,823.2
244.14897,74818,529.8
218.09804,5611332,526.8
427.19732,1707741,303
191.97908,2285560,249
190.1547,672430,57.6
126.12033,9808,54
257.06827,44667,347.4
225.05277,10079,54
192.15134,41950,538.8
148.09682,29099,195
221.09169,302549,341.4
401.02622,34851,693
265.06063,54118,592.8
479.41536,94790,274.8
240.12175,115330,378.6
116.05712,37524,396
261.10098,591783,714.6
215.10953,197628,421.8
322.18941,240898,132
198.13834,143505,316.8
157.12033,120665,63.6
576.24206,75427,735
126.11457,8356,54
121.10107,48876,823.2
347.22676,75270,108
143.10649,14744,9.6
406.24592,82622,541.2
159.03034,11987617,60.6
540.35726,69879,454.8
222.03909,48387,339
163.07529,270659,367.2
218.11035,34411,520.8
293.97659,16395,180.6
154.15897,183308,123
420.0281,228003,457.8
362.05751,52273,538.8
178.12737,54129,289.2
357.24456,21494,699
166.12724,45095,192
199.00596,498448,283.8
477.1154,43634,566.4
499.31209,32174,598.8
234.06208,51139,283.8
259.10939,530973,569.4
476.27485,158981,517.8
366.22674,27811,1199.4
394.15007,9032,63.6
358.23212,53126,1105.8
212.18288,36851,344.4
670.94818,24354,696
284.07829,31890,246
479.26864,39373,737.4
427.19403,70342,543.6
629.07951,30424,720.6
549.24223,70312,336
240.09856,47717,396
256.2935,79559,909
272.00447,44542,635.4
294.24247,31466,589.8
234.04373,168806,426.6
597.2905,68249,732
429.2907,28156,617.4
485.62961,21858,696
222.11226,39203,352.8
181.10797,106219,63.6
293.21275,157622,406.8
314.07139,355834,561
561.36658,30260,649.8
256.15882,49918,514.8
173.09421,25067,98.4
129.12726,65128,737.4
649.44967,774866,1108.8
157.01726,26368,469.8
360.02429,44337,418.8
295.20763,126960,561
217.17985,253286,740.4
283.01562,59897,435
254.08846,13539,243
430.76173,954480,632.4
271.18778,190308,649.8
295.18047,1004475,454.8
237.1199,28259,490.2
365.15456,48986,210
358.07789,267164,401.4
477.27835,31980,517.8
458.27914,27299,853.8
252.05966,69542,192
192.1325,101899,538.8
242.11462,139427,308.4
272.15667,118136,726
364.0132,48526,367.2
206.08913,13383,1146.6
486.27452,32451,543.6
265.06318,284301,111
256.28005,29499,906
314.27627,29920,681
264.20787,51114,406.8
152.10682,127220,81
375.23152,55858,254.4
116.98453,36445,41.4
302.04608,628012,798.6
551.26822,31978,252
383.08429,1140922,457.8
134.09612,50854,355.8
345.23136,388320,265.8
252.19178,105007,319.8
278.175,398017,384.6
212.16722,35199,341.4
485.22286,32495,601.8
643.29131,52630,409.8
439.29342,39383,581.4
327.08785,219434,626.4
172.11576,219337,195
170.11736,41679,339
121.08318,18204,89.4
193.97603,316319,249
313.01409,34864,387.6
228.2543,128697,762
190.09952,55262,300.6
253.17747,92741,401.4
408.03794,77661,378.6
477.9885,52860,665.4
350.97103,34654,674.4
334.23736,55249,418.8
423.17593,52341,240
252.17016,18307,83.4
480.8285,80826,581.4
232.1386,915858,823.2
289.16199,25547,308.4
155.16239,51149,246
229.1353,57446,759
404.21608,65196,659.4
575.38059,21579,740.4
481.30233,74263,412.8
375.18061,58454,256.8
446.31466,43699,1105.8
331.13527,18124,165
126.09832,28940,57.6
235.18044,204781,626.4
202.22185,71707,644.4
240.15239,53272,132
224.12781,31143,355.8
272.17393,67401,726
136.11196,220438,117
643.13485,101556,373.2
296.2216,29203,856.8
528.33938,45868,708.6
242.11156,9495661,378.6
288.50248,43294,804.6
237.02872,337536,629.4
244.20583,65533,509.4
145.11611,1029592,44.4
454.97412,36769,792.6
460.24067,20142,841.8
182.00915,138470,129
264.19973,131778,319.8
463.28991,32780,393
193.05316,26410,361.8
300.1955,33421,687
346.14117,37470,708.6
199.13778,3322994,316.8
615.38412,30542,610.8
355.06449,65651,435
143.06757,54240,86.4
126.08985,10445,60.6
246.24044,44046,274.8
353.25864,25592,505.8
215.10616,52751,443.4
236.15279,37543,649.8
667.97526,21394,1180.8
229.14288,29328,481.8
158.15327,953430,69
447.27236,25999,466.8
209.08059,27920,475.8
202.0646,69030,435
247.07404,38652,629.4
180.08082,561632,280.8
418.11747,26482,341.4
205.08546,21857,687
453.30917,28737,696
316.06076,71255,538.8
432.81544,23765,1105.8
750.41733,37611,254.4
144.10436,16095,44.4
159.96859,13020,117
254.13721,56544,903
239.13905,59003,316.8
383.16716,713145,659.4
244.19063,3792020,629.4
332.26902,42143,361.8
433.27273,333579,535.8
287.14206,22087,198
180.06561,388106,393
152.91363,25404,216
581.37567,25390,771
443.63107,48838,617.4
198.98474,41515,549.6
291.12922,21305,256.8
496.22292,128877,424.2
259.07449,297257,832.2
240.15281,4235972,316.8
235.15375,30912,384.6
570.4569,42266,1128
484.97066,25854,598.8
524.85439,74739,595.8
562.02417,29099,743.4
499.20071,1072211,490.2
565.70392,24424,684
397.24918,24795,246
225.82948,69668,426.6
199.06824,47729,437.4
562.22773,35728,737.4
656.90506,18914,460.8
468.01702,1634524,662.4
226.08059,1543413,732
390.15192,30325,92.4
315.18904,25037,587.4
438.29172,45386,451.8
556.17567,45589,180.6
748.48436,10177587,614.4
147.06491,21390,101.4
267.07584,87685,409.8
363.11899,902099,662.4
824.51925,50279,629.4
321.0703,1725209,786.6
423.0483,28172,662.4
362.75825,19499,240
357.22843,493842,514.8
127.11131,83603,373.2
256.18424,39926,511.8
157.07993,52485,189.6
187.03687,94442,361.8
149.07396,52948,96
468.10987,23995,940.2
508.3226,49751,481.8
117.09075,12426,1320.6
207.15259,159749,555
214.0702,283276,393
167.1429,31676,823.2
337.24594,87478,268.8
526.21693,80169,404.4
513.1077,59862,572.4
504.33672,115175,384.6
416.30528,15724,1053.6
256.28172,15437,909
316.06827,72302,563.4
609.38842,38324,352.8
343.21408,54812,737.4
158.09231,54460,138
173.97715,38857,41.4
317.11446,26231,41.4
342.23664,42758,98.4
268.10483,61305,783.6
321.01323,21829,674.4
522.31936,39425,404.4
218.1536,62946,690
199.17631,62885,535.8
360.09376,927958,401.4
314.14699,35951,783.6
375.19748,140789,254.4
256.16922,149688,786.6
196.11298,26106,86.4
183.14918,249980,210
626.91925,25870,687
308.15733,48606,807.6
324.98247,78854,668.4
286.15664,24559,83.4
256.10362,100538,610.8
286.14335,33799,581.4
349.14112,1700434,41.4
226.05246,81263,341.4
343.08026,251090,810.6
527.22765,111945,303
177.1434,40858,96
264.22587,56110,322.8
331.15317,23462,162.6
414.06145,90403,339
148.11197,724340,192
254.08648,162404,638.4
525.32351,26583,277.8
679.46027,30409,1053.6
201.49763,35422,641.4
253.17607,52528,448.8
242.13536,274995,526.8
298.99928,410861,687
688.52084,1248937,1108.8
337.02668,26565,490.2
310.14623,179786,592.8
379.2806,21147,1346.4
157.05443,104955,60.6
516.24511,29182,213
350.20654,52875,277.8
287.11919,186257,333
261.15366,39334,111
250.18599,65574,322.8
212.16984,47722,344.4
205.0848,17912,887.4
281.08672,157385,252
426.10608,7354767,624
146.93751,43851,31.8
277.08534,2009393,632.4
217.12838,23426,601.8
190.17072,10875,162.6
215.56851,25668,490.2
207.17606,176364,325.2
279.21459,8040810,401.4
372.11982,36379,577.8
428.11172,127820,624
193.08011,487165,231.6
440.04417,25682,364.2
443.94739,32335,463.8
299.06672,218805,632.4
301.06808,25774,687
126.06604,46454,57.6
258.05644,1769083,308.4
234.14956,103071,165
203.16621,4761062,286.2
326.17466,30257,614.4
246.14096,23530,243
299.02421,105374,801.6
280.14698,201032,546.6
614.48304,38568,1125
508.31591,230527,426.6
163.08833,223890,370.2
238.06964,324938,478.8
244.27731,19615,835.8
201.14088,49751,316.8
390.22191,23356,708.6
177.13542,100094,98.4
239.14065,88799,313.8
161.09589,81792,401.4
126.10238,20491,505.8
212.14484,226828,341.4
458.31997,34384,572.4
379.24432,64105,563.4
406.12969,493812,624
282.20387,663740,629.4
572.36576,40200,717
416.32513,28338,789.6
474.24791,124952,659.4
272.17939,181722,252
477.27103,270895,466.8
385.07016,47809,601.8
147.09157,113091,111
563.84809,84190,563.4
196.13307,113038,401.4
256.13834,614329,563.4
576.15693,179511,629.4
166.1935,18401,192
348.23095,44748,174.6
153.11098,31202,216
245.0779,22115,813.6
392.74769,168095,387.6
449.22497,212642,735
242.17362,36468,344.4
160.02342,28058,132
205.07589,100391,195
436.28238,40499,316.8
172.07144,32180,313.8
245.04516,25060,72
320.2073,60865,1022.4
256.01032,78791,350.4
528.32518,94864,726
236.1878,47415,277.8
411.02005,487468,280.8
383.24414,1806268,563.4
144.12567,16363,44.4
404.15885,25512,262.8
434.09066,109314,451.8
860.50233,27519,871.8
238.10368,49786,737.4
465.3204,55782,624
236.17166,140245,549.6
117.05216,60358,393
136.10859,27940,240
189.0851,1016659,330.6
532.35911,23109,1105.8
526.24636,27126,373.2
261.17167,110720,262.8
403.15874,60047,478.8
246.10961,24562,246
200.10326,26956,469.8
294.1851,154525,418.8
228.11809,52382,759
829.22356,589105,624
201.13102,35627,111
184.12508,50980,186.6
493.26631,63911,543.6
631.48065,28851,1056.6
315.17124,2152282,798.6
223.16723,15586,903
486.35772,15225,1105.8
334.9966,23066,750
234.1681,107759,607.8
238.14086,67268,466.8
135.09652,20306,198
710.45376,54535,399
252.22283,56630,401.4
226.15875,233256,424.2
177.13225,29317,98.4
213.18674,19225562,549.6
438.17837,29653,487.2
385.11425,17717,117
363.07141,29594,693
310.1954,44673,538.8
183.01429,53875,123
247.12294,49689,243
192.12294,353697,367.2
549.3588,220389,937.2
200.00368,55093,75
498.39947,263976,1053.6
441.31963,179232,532.8
492.34384,31944,587.4
239.13755,113328,316.8
150.12355,125183,246
157.0231,194231,63.6
473.0706,449359,195
274.27389,216240,774
200.21089,29401,472.8
241.15497,464923,529.8
286.16599,58621,216
375.10486,38454,254.4
293.07051,2938725,240
199.05757,36228,201
224.17536,15943,126
268.94852,73217,60.6
284.15162,65872,735
213.19272,79468,549.6
198.07596,50093,344.4
209.13833,255486,210
576.2507,35830,735
605.40454,71772,572.4
235.06082,31243,274.8
278.22883,44903,404.4
485.09656,18564,237
375.27138,99367,387.6
322.10515,874611,297.6
190.14369,57847,435
179.11749,69129,81
290.13604,40914,254.4
349.13857,87100,63.6
249.06405,18669,1525.8
232.14414,21412374,165
176.04912,19827,283.8
332.27982,193686,853.8
318.10188,21413,826.2
163.03872,62042,424.2
405.13899,96535,393
225.1678,227829,826.2
283.2571,24198,219
263.05535,30294,671.4
362.12293,13306,959.4
187.09627,23326,292.2
218.18939,68373,440.4
149.1072,1868139,231.6
331.14373,7047748,162.6
348.99013,761325,671.4
221.04835,91746,575.4
325.18454,93582,432
766.53114,30275,1062.6
153.11387,42253,216
304.15444,34795980,333
186.08886,50891,561
420.31877,33641,1105.8
330.1329,58972,807.6
536.32723,16911,171.6
342.1701,9117528,210
269.21085,28329,962.4
237.0183,512628,569.4
485.21424,269938,373.2
247.62963,53999,445.8
311.02571,34913,341.4
321.102,6105920,297.6
429.97545,61183,740.4
442.16875,45625,589.8
449.09756,53960,604.8
190.10733,1516034,336
383.21101,119341,924.6
206.12867,680560,104.4
336.05402,42258,364.2
171.13167,58750,57.6
256.84981,31771,225
420.10297,46155,437.4
294.21708,68374,555
178.13384,60972,183.6
229.07106,1123211,336
628.41523,25124,577.8
264.95305,179790,60.6
311.21415,40311,535.8
200.10911,58284,472.8
212.17544,26319,344.4
397.3034,314305,1105.8
198.13047,240642,316.8
288.33276,38027,804.6
155.15415,27200,89.4
221.67119,210395,210
174.05416,6179338,280.8
311.14471,3615397,589.8
733.55015,232904,1105.8
151.02432,63776,228
244.0496,16294,101.4
404.13554,31379,620.4
327.22469,103994,412.8
229.27487,46397,759
534.37296,24580,277.8
227.09038,156606,381.6
360.16984,22116,493.8
377.77301,1328168,387.6
136.11497,33536,240
178.14165,1537630,98.4
212.17192,33834,344.4
258.17518,157065,514.8
246.13614,26838,246
751.5021,3458425,614.4
300.04903,999234,798.6
218.13822,44467,355.8
320.17711,39897,401.4
452.29499,82117,426.6
507.22179,47707,732
167.06999,54327,330.6
473.31802,237790,541.2
262.09975,215480,487.2
301.09141,36763,699
200.0805,53592,472.8
431.1929,37726,523.8
256.19069,825456,768
175.18838,42456,463.8
268.19609,166009,333
334.05762,216792,364.2
845.49919,44183,629.4
240.07852,13005381,592.8
245.05929,259818,243
199.05703,58890,437.4
214.09162,1223577,424.2
612.34759,49428,844.8
221.12899,52684,520.8
188.08508,66511,333
251.19149,52018,325.2
419.08351,43619,277.8
288.19124,70427,454.8
242.12821,32759,159.6
274.11994,128219,665.4
368.16296,35977,216
208.11791,19576,66.6
251.18084,1171638,729.6
192.07129,22899,231.6
189.10905,79925,300.6
242.14901,183380,526.8
312.12066,713284,303
277.19054,80409,655.8
220.16349,41139,234
424.76128,114807,478.8
126.24329,14317,57.6
685.24903,38286,451.8
512.1108,26840,575.4
213.07646,125861,520.8
244.18985,31469,86.4
126.10244,11096607,57.6
459.20665,119569,520.8
365.13366,68156,659.4
208.133,35736,711.6
141.09075,12578,1084.2
321.00452,20296,699
278.15313,35215,401.4
228.28489,117594,759
715.51901,45869,1108.8
552.21102,48964,589.8
180.12111,1278570,514.8
343.18119,60128,358.8
214.09228,14827,249
680.44196,61402,421.8
301.07375,95980,681
248.17744,1050048,523.8
804.54686,19477,1264.2
490.31447,2093579,511.8
512.32264,422122,448.8
228.23242,41470,759
382.23081,53797,246
228.28688,107560,759
185.11624,151253,222
165.05438,713017,313.8
536.25892,61713,256.8
275.11375,92411,826.2
548.34765,99640,720.6
279.15693,29649,75
363.15408,12471,41.4
169.14475,41500,189.6
381.14406,116439,66.6
228.33322,35942,762
207.15698,47532,552.6
287.14145,606573,732
236.06815,29967,598.8
415.27243,13957,1519.8
256.12062,52895,572.4
489.17393,48352,252
358.07062,139898,355.8
248.12895,91139,243
155.1566,83079,249
735.47219,272642,520.8
334.21241,554269,523.8
281.01201,17940,114
426.19123,369656,543.6
334.21259,2779278,308.4
276.19143,2411791,63.6
210.07582,216695,322.8
285.18769,58411,333
217.07439,23944,1480.2
317.17758,49847,523.8
178.13536,36020,98.4
157.02826,246798,63.6
249.07116,50298,460.8
193.05773,2075140,361.8
251.05326,11941,141
239.15647,149750,316.8
396.13688,1196534,51
217.10462,249596,126
388.03803,5864585,440.4
434.27703,58111,511.8
256.15122,31573,511.8
253.15235,52175,451.8
251.03457,78855,520.8
273.12537,11809,117
307.16333,84519,333
324.11796,59065,572.4
645.15667,145979,681
288.32994,46373,804.6
181.08369,161210,219
216.9824,316174,72
315.68715,45983,352.8
322.29474,25646,1050.6
314.08946,52082,624
307.06065,104203,629.4
280.1052,104389,546.6
246.24245,93036,598.8
226.13384,5562800,592.8
305.21995,389887,231.6
292.2098,4227208,406.8
156.10186,208795,300.6
380.11349,42112,83.4
188.10289,19564,138
150.11827,38971,249
179.12575,212873,753
219.14909,86104,277.8
296.04739,21090,213
419.20269,52686,189.6
303.06258,194323,268.8
274.13451,24830,604.8
199.15651,150801,231.6
284.25418,155437,399
205.07174,36775,195
276.2167,19754,838.8
289.03543,271401,399
231.20683,182024,575.4
202.07906,383593,339
246.18507,96386,406.8
298.87729,9664,6.6
666.3909,20388,364.2
144.97573,25825,51
235.18785,81643,390
216.10089,56745,921.6
253.16577,23061326,451.8
251.20428,24891,325.2
197.11119,562665,86.4
312.0674,26734,361.8
192.10865,27439,297.6
123.2273,26622,78
192.07669,4145551,231.6
205.05349,20403,195
556.03817,32183,711.6
749.33941,63256,832.2
326.17442,5820035,432
419.27659,841457,1059.6
428.18691,67665,543.6
188.0733,36624,364.2
189.07564,128493,225
306.15983,401257,333
537.03946,15413,180.6
326.2329,54056,841.8
490.89586,21893,841.8
264.17365,53253,322.8
557.83071,127405,432
296.22773,40334,561
440.7928,18664,463.8
202.20626,175024,641.4
427.78621,48972,572.4
230.1242,51668,638.4
272.23875,160543,313.8
442.31334,104021,549.6
468.29296,343955,502.8
298.26781,123266,635.4
418.27814,34802,237
247.63991,35622,445.8
296.06056,32367,355.8
227.92615,43481,762
216.13826,183582,705.6
462.12473,92371,51
272.13363,24222,604.8
591.3789,54728,499.8
430.08553,17766,114
272.99846,639391,635.4
274.21417,4916184,132
279.16474,44850,881.4
242.15346,45852,632.4
264.22102,35899,322.8
182.14466,683102,289.2
162.12775,18184,265.8
234.1695,31102,262.8
390.27708,62421,475.8
254.06047,32056,499.8
458.64228,32010,626.4
264.17012,10496,165
239.16979,35807,313.8
364.07367,8863560,732
214.11817,50716,735
245.10469,113094,552.6
461.24459,65106,632.4
449.15351,33800,475.8
208.20584,31779,823.2
300.13543,28791,798.6
489.32229,40196,509.4
172.97859,695721,41.4
222.12335,90037,336
300.15725,52002,289.2
479.3038,30484,665.4
370.16415,83975,256.8
134.07117,10673045,313.8
267.18009,37212,135
661.18753,31251,384.6
212.14109,161804,344.4
378.24076,23645,924.6
194.124,144652,66.6
253.01313,401236,635.4
232.12872,18398,168.6
219.11791,29670,347.4
292.10751,2425582,737.4
399.20387,26371,587.4
202.08557,20884968,443.4
269.07746,20722,295.2
253.10285,49324,566.4
234.11298,55866,240
200.12114,160950,472.8
124.95313,127528,126
408.05738,33105,138
157.0171,22071,283.8
254.11019,23059,569.4
226.18532,51755,429.6
261.04871,79459,177.6
254.11497,1539565,655.8
511.15207,78231,490.2
185.15325,19251,671.4
304.06797,46345,268.8
540.36941,25778,454.8
486.19305,45785,240
260.10793,49670,575.4
234.18881,90307,732
283.17534,314988,237
235.16865,1624472,549.6
355.21484,35038,817.2
503.22274,201407,487.2
201.08855,50044,1470.6
524.83181,84076,426.6
326.25377,40479,448.8
369.25279,18789,750
246.13333,70293,243
286.95754,46595,466.8
278.18534,252573,555
324.26614,37709,268.8
189.09985,346099,303
179.11787,11849195,514.8
439.25145,85400,328.2
376.2623,21232,1084.2
242.14,28302,520.8
275.27662,23533,774
279.19366,1950483,424.2
285.18078,9329334,336
295.21237,558746,561
228.25033,157277,759
472.08743,101267,339
346.28517,31044,412.8
237.0579,361810,523.8
547.03177,221793,378.6
288.13445,424408,384.6
512.00926,20659,705.6
316.20188,37338,234
153.12733,236210,823.2
171.14879,11117351,72
468.24738,34464,735
434.79441,23059,620.4
627.86209,22611,367.2
238.88373,21966,41.4
300.13461,49444,286.2
313.20703,152474,445.8
304.15951,236662,333
379.22274,32640134,563.4
184.00592,17541,129
195.06468,17130,1433.4
291.07742,84655,364.2
225.07871,495723,520.8
315.09733,28352,370.2
406.24646,64375,393
222.1268,42258,396
267.17786,34355,132
268.14456,34432,256.8
278.10061,85913,538.8
479.3229,641273,962.4
153.06908,127287,240
174.05477,32579,114
198.13965,125008,316.8
156.97948,35385,117
213.96104,458854,249
264.10563,114528,280.8
315.18471,53182,587.4
409.17125,32176,659.4
318.14509,3599403,584.4
261.14599,356979,768
478.22449,319966,487.2
316.32126,3581989,940.2
180.06321,129109,186.6
466.82272,29670,1105.8
702.44183,78013,558
363.0333,47918,401.4
228.21902,61324,759
495.17914,4010399,490.2
256.11301,1109250,399
246.1378,32675,243
288.94526,187781,529.8
216.1049,122885,529.8
295.20163,37551,561
254.15347,32500,823.2
192.14936,43065,292.2
310.18021,46493,535.8
136.10677,21403,237
205.08544,42510,195
201.08821,55841,401.4
241.10932,47221,632.4
695.12625,55308,774
567.35844,30610,505.8
312.09241,230840,624
332.23539,32187,393
304.17732,66031,333
323.1439,34113,174.6
270.15444,105284,189.6
184.14441,267985,108
436.59905,112659,454.8
446.14851,37024,355.8
202.14337,37706,399
142.97939,86798,51
512.02527,55351,352.8
264.22262,31938,325.2
160.0968,237623,165
571.36996,24378,813.6
272.19084,50334,429.6
243.12873,80511,487.2
259.13869,204077,817.2
421.11835,164917,339
875.8292,17185,171.6
606.05497,22104,753
267.21302,148414,404.4
221.12703,41950,523.8
380.22567,7753889,563.4
288.28094,430911,804.6
149.10717,46210,126
517.84661,86110,555
563.71348,19468,702.6
267.15864,26303,1159.2
397.29593,421187,277.8
206.11037,220049,440.4
294.19633,25353,581.4
528.01099,26236,705.6
171.10158,367759,432
239.17355,53571,313.8
591.42916,52030,1062.6
519.30384,897337,404.4
322.12024,86564,750
417.19486,30265,575.4
160.02962,66395,129
219.11672,6646074,520.8
552.68652,38911,499.8
362.031,43104,632.4
406.76279,99594,443.4
144.1226,23553,44.4
383.27928,42029,274.8
531.32928,381566,937.2
535.10358,149867,401.4
302.08608,75377,629.4
278.09531,43775,538.8
514.25482,58887,426.6
157.06323,116519,60.6
254.03445,13404,123
559.32513,404317,526.8
618.30614,439498,655.8
166.13132,22058,195
443.80709,704458,1105.8
192.14302,167424,538.8
123.13672,32350,78
739.35221,35867,254.4
437.73339,24123,871.8
307.13875,27990,826.2
214.12134,63204,732
384.26422,226073,543.6
204.17458,30277,373.2
164.11479,89288,92.4
354.0245,126630,437.4
494.31485,44679,668.4
480.32624,211453,584.4
153.0814,17230,216
348.72201,65728,370.2
115.09439,125347,207
355.03124,45103,437.4
424.77272,94988,1105.8
124.09666,12355,1081.2
237.13591,42413,424.2
477.11502,121041,396
414.93044,34542,448.8
292.18042,80237,401.4
154.12235,49486,92.4
391.22369,32462,1059.6
516.00787,267363,662.4
162.02407,1822344,132
268.21776,2693424,406.8
580.396,33118,601.8
468.29732,125659,1105.8
384.19208,39925,475.8
200.1638,63287,466.8
247.18037,52161,523.8
295.22471,183029,561
264.22897,42103,322.8
749.51349,32223,614.4
431.97305,35315,740.4
267.05406,2612250,399
415.21072,39209,765
550.3487,40698,358.8
194.12844,42864596,66.6
313.22681,25441,753
135.07446,795618,183.6
916.526,113964,511.8
457.96514,24697,792.6
489.30505,31025,297.6
202.23193,39817,644.4
239.09499,63846,487.2
283.00169,170163,535.8
194.11522,45939,234
510.22254,44863,632.4
624.37127,34307,448.8
606.38902,25847,750
281.16084,4970674,336
217.12867,79938,63.6
234.1121,48977,393
457.79789,129838,493.8
135.04388,85182,292.2
231.08918,183013,543.6
259.08227,26819,370.2
650.25527,110333,783.6
665.83798,51812,78
295.2,39822,561
237.14494,2632045,632.4
582.03277,33595,687
390.03335,321668,440.4
591.40655,50538,1053.6
451.9446,21494,463.8
257.01833,1062674,352.8
499.64688,21881,604.8
178.13264,26449,286.2
249.05603,464338,336
327.00727,21103,535.8
181.16272,72714,393
270.2429,60403,322.8
317.20801,18447,231.6
595.05371,31762,690
201.08853,19930,702.6
380.25464,57995,921.6
516.14333,44480,569.4
420.33035,162721,549.6
278.03456,138345,592.8
364.18262,48053,832.2
363.03677,24746,786.6
288.2206,8610,41.4
218.98011,133013,72
201.07308,71945,409.8
307.11636,33428,350.4
144.10588,13532,44.4
327.17755,344781,432
225.04284,184090,339
236.10773,1900653,732
437.34576,15560,1053.6
296.10188,21324,826.2
242.95839,244083,581.4
389.19724,66473,381.6
339.10632,48118,484.2
185.08074,46533,237
260.19119,2201446,511.8
228.31745,61937,759
497.22014,23749,826.2
220.14085,22784,705.6
300.14783,24335,174.6
279.04229,59321,514.8
386.25607,154383,406.8
501.13101,217830,592.8
226.03731,42464,333
561.87273,96058,561
224.0997,331655,561
438.24425,45145,632.4
250.07704,62069,463.8
243.09548,219340,520.8
183.17402,23926,881.4
565.26095,42212,726
200.12224,43177,475.8
176.09196,27116,289.2
357.19745,92236,308.4
352.07335,41281,437.4
126.12145,6549,44.4
273.20392,5394136,429.6
194.11761,89089,57.6
144.17444,72387,541.2
134.06389,15150,186.6
267.21669,43181,424.2
595.39008,29884,684
316.2369,23313,231.6
148.079,111540,396
631.36179,151806,832.2
247.04841,41253,484.2
312.23908,76260,448.8
265.1314,62145,336
567.30528,88868,896.4
214.11784,56990,424.2
228.25932,179381,759
197.07858,12883,1242.6
613.40672,28008,614.4
254.07794,24627,141
548.35616,1405277,937.2
349.23816,261140,418.8
251.23212,28091,325.2
375.10374,23362,496.8
168.149,519381,66.6
500.13954,1788578,378.6
533.35319,30972,517.8
205.06539,24334,195
311.22725,55193,535.8
596.38354,25258,1062.6
417.18547,68508,646.8
234.16098,33537,509.4
333.13823,119476,63.6
236.1,59890,108
366.0552,46178,813.6
241.16249,1852816,132
262.15478,276530,361.8
231.14399,49144,714.6
450.09218,96119,659.4
393.19311,56265,699
490.337,23559,690
251.34877,32377,325.2
285.08571,65770,629.4
267.18488,17299,138
264.17433,61335,484.2
315.06084,125206,373.2
238.14629,44058,614.4
202.22796,84835,641.4
554.33467,34877,499.8
404.02758,32455,786.6
257.10695,27089,604.8
240.06525,275619,566.4
397.22668,58447,517.8
195.0085,132482,201
198.04196,41674,316.8
311.27387,102734,804.6
237.11971,215258,424.2
451.0896,121867,231.6
239.08884,14942,1276.8
618.89734,27114,577.8
296.16445,89493,655.8
137.00884,21508,159.6
274.10711,29576,587.4
214.08517,13547,3.6
743.41908,2950598,921.6
397.28387,34512,514.8
749.41476,119038,254.4
206.11747,166653,325.2
296.17757,29982,823.2
484.38327,19710,994.2
209.12841,23080,271.8
649.42307,66862,581.4
370.26532,120934,390
485.14814,22840,216
229.19905,136135,632.4
556.21578,263623,720.6
249.13241,39285,448.8
266.20091,287422,322.8
254.15081,71563,563.4
552.34868,63635,499.8
475.12087,93142,336
375.23404,36451,256.8
264.1742,212972,569.4
406.26496,34468,445.8
207.11301,117517,440.4
211.03757,530751,51
256.17714,183341,511.8
556.2396,62786,589.8
236.15426,14675024,614.4
528.00503,41908,708.6
281.24721,23463,965.4
291.19548,164137,841.8
256.13074,2464309,502.8
300.00245,22312,687
180.13578,18843,652.8
556.83811,36621,520.8
298.27979,161652,644.4
160.61334,73562,271.8
203.08876,1510871,443.4
206.1383,11986,144
153.05446,655914,303
470.34311,205685,555
384.10994,214491,47.4
294.20656,353007,838.8
279.09109,6363547,249
280.19064,2889774,347.4
527.16824,263316,401.4
362.32551,29582,900
199.18848,23176,308.4
384.23742,39647,297.6
522.02185,19891,674.4
244.95547,129378,581.4
275.17094,35623,81
126.10612,33658,44.4
193.14725,46182,541.2
527.81761,50431,481.8
290.0419,32923,111
277.11787,46913,387.6
251.16658,55140,328.2
551.28135,18928,111
283.24284,966373,399
174.97532,27454,1390.2
455.30297,137537,466.8
553.11392,42721,384.6
539.35839,249111,555
329.19918,66854,737.4
287.15037,37109,735
549.83393,34787,487.2
311.10986,51994,626.4
320.07655,984929,786.6
270.19135,479076,262.8
208.15252,2788261,552.6
361.22212,5583150,921.6
239.14769,38138,614.4
163.13179,1127275,262.8
261.19444,47149,511.8
185.12801,68759,216
272.17621,71742,726
157.03852,342930,63.6
228.30305,56747,759
316.2388,28427,234
236.90623,10720,28.8
176.05112,1983787,280.8
123.09141,20838058,78
232.11574,32717,240
344.6891,18163,367.2
341.16109,720607,509.4
280.10244,4372483,538.8
599.38986,203676,259.8
288.30963,53254,780.6
155.10648,87415,484.2
404.9307,27185,249
576.37614,100919,529.8
191.17955,1839260,823.2
235.21664,31159,297.6
241.1524,30056,373.2
714.4728,23437,699
745.42513,151601,921.6
483.9764,43559,699
164.11104,32595,92.4
384.00041,46774,798.6
364.22603,27576,509.4
312.20736,38538,435
205.06621,43437,364.2
236.06252,667673,543.6
467.80181,512175,404.4
483.98949,48295,662.4
329.24538,328782,1099.8
201.19607,40143,529.8
582.40197,24258,690
368.25449,838111,390
200.00879,22228,283.8
185.17273,25752,114
147.08031,34052,478.8
192.98222,104474,249
427.76773,210490,665.4
213.19603,34686,549.6
213.14207,43285,81
351.95645,197389,740.4
563.35291,254458,523.8
253.18173,40748,448.8
200.17773,25656,472.8
231.11043,15533326,390
220.12355,40898,305.4
128.1069,80846,350.4
593.3724,28268,607.8
319.07955,40501,786.6
557.16933,15779,180.6
264.02417,327807,448.8
614.88208,60240,614.4
586.41509,52273,437.4
455.26517,3137838,330.6
263.20768,33762,555
250.17527,74122,322.8
433.18588,2062969,341.4
311.10113,72777,51
309.22725,51860,448.8
230.88962,39774,9.6
239.12985,33994,316.8
305.30149,37509,844.8
206.11724,28504,589.8
288.26578,95295,804.6
575.39032,28573,1470.6
285.0728,68994,629.4
392.16215,100810,587.4
360.22752,30612,361.8
208.09287,25166,364.2
312.13948,360970,344.4
586.70674,32846,717
258.20579,31961,231.6
489.64448,33109,638.4
590.24028,40906,720.6
591.1322,64895,358.8
379.23018,228674,566.4
178.12002,71089,286.2
305.28793,1273536,865.8
532.2989,30015,171.6
248.0699,1058970,153.6
228.23218,877308,595.8
279.1093,28137,817.2
442.18165,26845,783.6
814.86153,17149,171.6
345.06673,371957,117
151.08825,33246,381.6
354.12192,22580,295.2
215.12465,33392,735
261.07145,64631,832.2
157.08568,8109,63.6
216.10111,17771544,526.8
237.07766,171054,443.4
476.10254,181601,499.8
371.1742,39709,256.8
147.15703,36561,355.8
235.14799,8191574,632.4
318.25399,476129,305.4
317.18366,209745,183.6
458.92779,791317,792.6
346.06894,126655,378.6
196.10635,14191,231.6
442.33293,15174,207
748.51304,79424,617.4
240.08336,82735,595.8
400.06304,22245,198
331.23791,274764,726
264.07779,77856,75
144.13814,34227,186.6
135.08036,106701,659.4
221.16395,1540096,532.8
247.17898,26838,523.8
435.19998,400145,523.8
400.21706,655024,584.4
153.1313,148628,198
240.17002,25175,135
363.1423,93566,509.4
116.98438,54838,1504.2
642.47251,150561,765
213.15236,16022,126
316.22322,55661,234
143.10655,69470,376.2
132.10177,236616,98.4
230.11259,107362,635.4
272.1787,72606,726
259.15834,120637,472.8
270.2287,153756,313.8
310.22829,172876,535.8
272.25835,290575,786.6
350.96232,25180,740.4
528.40833,22585,994.2
192.13056,100770,538.8
503.13863,164096,378.6
398.27379,43684,418.8
276.21961,27506,132
232.1514,55442,168.6
464.26186,436478,655.8
616.28659,276533,587.4
549.34304,33984,598.8
212.45818,38029,373.2
384.0867,45422,457.8
457.26946,18023,1308.6
300.15402,69115,174.6
448.10867,64019,339
430.24325,13057483,311.4
306.18493,28572,520.8
555.70283,47554,711.6
393.11921,46092,316.8
126.03139,14082,168.6
538.35494,23791,595.8
332.07756,1434964,737.4
408.75347,31644,390
465.15434,46358,396
218.14948,692108,57.6
445.30099,49518,490.2
451.22886,13763,1075.2
212.0838,17653192,543.6
423.14297,19418,162.6
398.27356,36392,286.2
300.12962,38931,289.2
178.9637,29522,884.4
214.09347,17816,249
279.09796,52401,249
203.08265,201739,443.4
317.20015,56245,526.8
202.34176,34928,641.4
493.98126,63926,665.4
138.05662,32663,69
636.8954,39222,617.4
164.1261,545110,283.8
338.23197,23306,1196.4
489.99721,40919,662.4
595.278,274538,546.6
267.2034,105240,426.6
595.28968,47383,448.8
426.14911,49068,339
256.09625,37474,569.4
236.13801,16943,144
191.11761,34577,355.8
284.14886,49459,735
233.1054,50822,240
575.13536,169345,632.4
509.34522,69715,629.4
300.24417,1752996,435
455.27201,59857,466.8
234.17003,103582,595.8
398.09906,49460,896.4
163.12633,30981,280.8
199.1324,22391,826.2
812.92818,14589,150
281.16311,53609,546.6
227.16391,46573,699
189.21543,34429,300.6
159.03776,190553,66.6
176.10694,46383,292.2
264.21293,52572,322.8
315.07544,165355,361.8
382.26444,284132,934.2
210.0986,236590,168.6
180.08064,59633,690
479.04536,57592,350.4
196.13463,98922,69
419.10029,466369,437.4
310.13516,120898,589.8
301.15044,3794932,286.2
330.13693,333433,406.8
346.25104,62057,457.8
184.10654,14173,186.6
151.07295,18724,231.6
446.81621,25919,1105.8
308.05705,41586,361.8
235.02727,50015,463.8
552.39008,42621,347.4
685.453,53343,662.4
304.16432,73074,330.6
216.08778,1341885,478.8
378.03456,182318,753
198.98494,95465,9.6
289.06366,41333,566.4
696.43736,113550,370.2
273.16638,22750,1261.2
339.13882,34452,41.4
126.11938,6661,51
331.13054,211896,47.4
500.2158,19264,243
228.41856,68020,759
370.20248,35727,256.8
344.22812,2681144,265.8
238.08998,47989,300.6
304.09396,28100,475.8
431.24372,44341,316.8
256.06455,29139,308.4
498.24507,56932,783.6
304.1431,90025,330.6
390.14912,64447,41.4
202.07001,34355,443.4
538.36143,1508751,330.6
219.14911,137461,111
244.13004,41985,909
125.03875,10530,31.8
293.16446,1312655,404.4
347.13611,19858,72
184.12895,12823,183.6
409.75609,74538,514.8
380.03068,28647,753
215.08356,66542,543.6
211.09415,14875,1065.6
368.24087,19872,735
229.14091,71209,415.8
288.24687,35935,804.6
332.97125,48441,632.4
288.27172,92934,804.6
385.10043,211839,662.4
202.09585,25544,443.4
175.91394,26061,104.4
280.16212,27051,162.6
285.00321,959693,448.8
431.06688,37460,607.8
345.30022,152270,1078.2
469.77769,193989,404.4
189.0946,71714,300.6
202.22045,354920,641.4
267.1702,6943637,344.4
416.27089,56189,529.8
764.47915,238995,644.4
544.36699,20170,668.4
351.7157,54944,418.8
483.25267,68944,487.2
295.066,40428,240
126.11175,9253,57.6
192.12792,65426,538.8
545.20044,171776,526.8
197.14729,24785,66.6
298.22333,41687,451.8
254.17468,32879,108
311.21934,128230,984.6
627.52759,32199,681
195.09962,137947,690
212.12632,189514,265.8
222.14869,152442,132
431.14995,16921,222
139.07284,27597,162.6
239.02555,66512,629.4
172.07546,14443,138
276.1589,72310,463.8
342.21227,107228,364.2
164.135,63719,129
289.30119,52827,804.6
319.06772,40639,786.6
251.15171,52459,325.2
417.20394,55040,646.8
316.99522,56579,141
469.35252,69229,274.8
266.23221,40445,649.8
391.1474,79448,92.4
474.96761,33143,626.4
199.95588,111634,69
393.26401,592145,437.4
550.343,31289,720.6
278.15805,34365,111
315.07144,43894,699
142.14165,30680,204
263.17481,30623,659.4
172.14511,424548,268.8
241.16462,50179,57.6
578.85165,58805,526.8
247.12882,77812,344.4
707.46362,34137,665.4
458.8139,50569,575.4
301.19881,47483,252
446.27266,31454,325.2
178.11893,67790,286.2
693.44789,41371,592.8
194.12527,363721,69
515.20682,54220,546.6
254.13397,62051,563.4
247.12123,33616,714.6
322.0734,233635,786.6
377.30872,35335,865.8
571.35474,22075,607.8
236.15873,145779,614.4
226.19282,60072,426.6
656.43145,67903,617.4
232.11116,40802,243
513.32632,29761,705.6
474.30847,57776,437.4
512.22288,51212,581.4
195.06512,168639,424.2
234.13309,7144,75
383.24221,31188,165
314.03077,37332,361.8
343.06863,896396,117
514.30617,138567,418.8
250.15881,2222150,376.2
173.11688,6853,83.4
533.09355,354643,308.4
202.10716,13891,123
305.1283,29495,896.4
233.16492,954595,607.8
442.18364,26939,352.8
296.18371,117435,454.8
342.02371,52841,832.2
451.32323,113317,426.6
295.18886,1560604,581.4
249.20403,45351,406.8
298.078,121267,732
257.1053,57702,635.4
123.06311,66117,228
231.00828,152765,341.4
200.08467,28289,484.2
228.24516,62565,762
305.06435,199726,86.4
143.07021,47546,150
424.20549,43427,390
130.96646,13500,1143.6
454.12125,819199,499.8
389.15019,265940,92.4
194.15405,48958,520.8
215.05898,95526,601.8
291.12502,48316,256.8
258.9241,7637,35.4
424.2213,33721,435
132.11279,34766,44.4
272.193,16603,262.8
379.24055,951105,584.4
280.99288,24151,460.8
157.04271,271834,63.6
611.06288,23766,774
212.17323,48758,373.2
256.12902,32233,511.8
316.05877,57833,463.8
407.27963,205967,514.8
259.0106,101114,687
192.1154,74828,297.6
448.3486,16689,1499.4
232.14441,36300,655.8
407.58345,36122,443.4
121.07842,75364,86.4
299.19109,98416,626.4
307.11151,6806429,344.4
472.25212,47630,432
311.13635,3783502,344.4
281.18187,16853,114
320.98109,25745,687
347.20359,1383428,448.8
389.12519,87133,659.4
383.18298,1910670,509.4
270.09044,33004,162.6
510.33771,565142,509.4
344.0742,1275346,810.6
229.23541,83415,595.8
408.15292,103709,51
121.05877,37178,295.2
279.04018,37041,259.8
198.14211,89413,316.8
470.23635,66341,520.8
363.09192,29718,589.8
315.05414,981393,638.4
678.44183,34965,626.4
320.96987,59298,532.8
448.16971,52122,440.4
249.18239,3851602,823.2
257.17032,516594,729.6
164.11224,48160,92.4
134.07938,16804,186.6
225.8283,44312,426.6
166.12375,19467,92.4
294.09935,40103,387.6
220.13903,59731,305.4
170.12831,2019193,57.6
459.23529,109562,466.8
447.13223,791766,523.8
174.9755,398948,41.4
224.08324,50274,303
324.1015,1132439,352.8
209.15476,65626,552.6
365.13449,20558,859.8
251.17548,36157028,325.2
727.35781,118142,832.2
268.17352,1083012,344.4
310.1568,37967,589.8
150.08318,40126,381.6
251.06737,28663,756
781.52721,116056,1105.8
245.24874,65511,274.8
269.10852,171917,246
153.29472,20410,216
235.05322,47290,330.6
520.32351,45775,546.6
318.0822,35297,355.8
344.17573,111725,210
195.09935,118945,484.2
300.1784,70643,381.6
557.30332,164545,729.6
190.10724,15969,213
311.05081,359385,364.2
173.0773,47647,421.8
505.15967,92819,577.8
122.09616,90039,147
142.94949,629019,41.4
177.14192,69238,98.4
268.22668,31778,896.4
123.09401,82108,78
272.18773,61242,429.6
407.24905,81544,443.4
218.08326,29591,478.8
248.63121,274851,448.8
543.32162,482030,726
323.02184,25940,798.6
571.33578,37065,614.4
437.29816,168768,514.8
248.96666,7038,31.8
151.03653,21211,159.6
256.09403,121954,393
285.02732,47580,373.2
509.13828,46689,440.4
324.08932,41804,376.2
252.18408,108377,729.6
345.04106,105949,750
377.20654,50098,783.6
739.46586,23101,921.6
258.14821,18230,463.8
165.10192,11611699,101.4
359.08857,63647,604.8
405.3129,665964,546.6
214.95258,12145,44.4
507.86969,38491,1105.8
228.25673,162226,759
510.31696,40883,387.6
342.16369,44366,509.4
269.17182,32908,835.8
393.05276,25198,418.8
197.07862,163567,367.2
719.47683,30288,601.8
319.08169,25542,783.6
263.02101,4560782,448.8
141.06594,10569,126
337.32119,42420,792.6
460.30907,155284,373.2
269.04675,52967,575.4
576.87723,74806,529.8
176.97413,22444,1470.6
559.87238,24969,601.8
385.25974,521058,543.6
130.10984,116092,60.6
396.24736,709258,246
150.31435,20351,246
534.19703,133145,572.4
375.25133,101020,387.6
139.58966,16300,117
215.09594,17205338,443.4
257.11456,21025,674.4
332.31585,1861346,850.8
360.14899,22739,490.2
328.18202,26434,216
490.31644,194875,412.8
117.09077,135262,484.2
399.13258,41349,47.4
444.30843,307362,1105.8
304.27741,44515,595.8
297.24008,31239,1078.2
138.0913,93675,114
474.79003,50654,406.8
232.1958,14698,168.6
375.18442,29735,254.4
485.31266,35380,587.4
487.33318,74240,624
304.27055,170416,595.8
234.12012,862696,638.4
126.12326,8649,57.6
408.76983,70530,412.8
375.18712,36040,254.4
222.12241,45340,526.8
367.09288,87811,60.6
287.15226,40576,714.6
267.10262,636351,587.4
240.14336,22055,92.4
438.3001,18165,690
466.28133,26416,665.4
293.09298,311568,563.4
130.15502,20046,219
278.88749,7289,12.6
298.27407,21778330,635.4
203.14668,80107,57.6
451.30471,217101,529.8
226.27828,76680,426.6
214.184,38501,552.6
411.16884,77551,378.6
582.37095,26221,509.4
325.07315,25134,520.8
169.08349,17703,1115.4
146.99651,462543,28.8
262.20398,32969,726
438.77688,47408,566.4
189.11386,48237,300.6
306.1782,338358,581.4
197.07845,14455,1236.6
268.13087,40321,607.8
426.11959,27923,624
279.15539,24587,111
325.16265,104046,1022.4
279.20056,498901,81
375.24008,28083,256.8
235.15348,27411,274.8
552.85703,62965,563.4
330.13541,33515,490.2
375.18461,68953,520.8
453.16655,115039,768
154.1033,17264,216
307.17227,15754331,333
317.01007,66198,607.8
266.07357,1155877,674.4
226.20041,65769,426.6
306.08991,42805,249
288.27881,86331,810.6
402.74938,91561,472.8
558.30698,54322,729.6
264.19023,221683,322.8
123.09499,47733,78
546.87401,34025,592.8
115.13084,12893,117
502.6481,30806,484.2
417.19381,11650831,646.8
213.06681,4771632,393
272.10521,686441,295.2
566.30702,295402,726
455.96915,325809,792.6
232.29834,14066,165
288.31358,53766,804.6
177.12876,29430,98.4
327.00826,1900414,671.4
302.10559,2202219,378.6
304.31685,25670,844.8
224.03981,2343326,339
231.15897,67908,681
232.11766,28888,117
472.802,114639,466.8
234.14849,14495,927.6
596.16272,23774,355.8
571.84549,21431,493.8
425.15547,33345,543.6
115.03872,115467,83.4
235.16238,51780,277.8
259.03374,52247,699
288.26052,100753,804.6
225.09077,32324,572.4
246.08817,249311,120
369.74547,47979,466.8
491.13611,60165,421.8
366.20997,215989,535.8
217.08312,28594,505.8
536.3194,24041,171.6
324.23824,28415,448.8
267.19875,59394,424.2
183.09959,51884,225
138.12738,60173,101.4
278.1055,13449857,538.8
446.29479,222447,341.4
687.93315,36772,466.8
191.17722,29296,823.2
220.1458,28604,308.4
621.39857,95611,451.8
546.35281,72630,347.4
583.38447,143700,569.4
723.07213,65440,740.4
570.37974,41468,714.6
236.13924,651839,153.6
427.14787,250466,399
395.26108,131184,289.2
445.14064,132914,543.6
215.06235,155550,393
240.07008,38930,592.8
277.04407,69907,300.6
144.17458,61132,231.6
520.33245,656439,333
396.29456,155408,373.2
234.09445,80837,626.4
148.11199,194332,511.8
270.23688,110186,322.8
278.15138,43646,789.6
639.40697,64401,1062.6
173.1112,7061,57.6
329.09179,61118,135
304.14541,141910,333
150.11405,23791,249
220.09654,186855,404.4
124.09349,25597,78
441.23724,78598,520.8
501.34222,131520,325.2
306.26398,38354,681
293.15044,81157,259.8
188.06612,76300,361.8
379.14215,1475035,662.4
180.97904,59522,75
291.20686,33746,339
188.07903,38776,333
287.08396,62903,629.4
408.22707,80625,305.4
245.14263,42016,472.8
484.18057,62377,581.4
260.12903,38359,399
784.48867,62562,387.6
286.13395,26209,737.4
312.04063,36415,373.2
263.19348,46358,558
554.86271,62533,523.8
447.02374,260859,693
212.09611,33497,543.6
386.09909,31487,577.8
212.04055,9751,51
759.39236,74334,921.6
414.27519,131702,532.8
256.14051,697634,262.8
392.20808,191269,289.2
243.13323,36656,117
134.07255,57846,180.6
430.29936,34853,393
237.10237,16238691,490.2
356.24137,506986,699
384.24584,65887,563.4
347.10837,1556618,820.2
228.22874,43212,759
240.23826,32369,378.6
308.21193,76964,558
547.06318,62179,399
262.20091,75200,762
150.12768,18892294,246
223.08107,30637,481.8
521.4669,66710,644.4
202.09715,51628,443.4
160.10786,35130,54
536.19342,67408,569.4
428.1722,563466,526.8
293.10523,2120052,511.8
323.21115,25611,740.4
472.32783,28478,665.4
255.11554,93273,111
397.35594,136079,532.8
619.41263,85446,652.8
600.3625,49577,448.8
232.13902,44159,168.6
226.21066,42822,429.6
239.14323,95935,316.8
209.06587,156670,396
633.36379,99352,526.8
248.06881,488615,381.6
238.10555,105255,303
431.03363,46235,592.8
314.09942,67486,370.2
325.10147,51900,57.6
383.18745,28934,921.6
408.09042,31603,352.8
187.1079,25529,114
486.24357,95865,655.8
284.16011,36080,440.4
583.36417,44317,448.8
273.13203,70574,111
505.18635,75617,401.4
561.19105,20233,177.6
415.18503,16774,189.6
210.51795,52840,457.8
353.0998,26810,409.8
533.33223,126301,344.4
176.11822,472735,153.6
575.38429,22118,740.4
325.09095,49617,378.6
241.05898,2411604,566.4
363.20701,53927,509.4
265.04865,23788,681
300.99376,42332,409.8
166.09899,32805,98.4
270.2384,126593,319.8
308.12003,983331,735
421.21075,67176,626.4
375.20405,51740,262.8
233.98976,16154,156.6
240.16352,52187,129
432.75888,30181,418.8
421.28033,28833,517.8
345.02815,39838,699
205.06732,28691,198
228.13347,159287,66.6
452.17119,114282,66.6
320.25844,808176,644.4
289.25278,269212,1096.8
234.16797,20441,295.2
447.27631,47082,487.2
258.97127,380155,674.4
515.01919,42023,607.8
152.01634,1298626,325.2
169.13856,35133,189.6
270.22099,49892,313.8
621.3972,97084,1108.8
316.31917,15918,875.4
500.48403,46476,644.4
156.07667,1089778,189.6
213.14854,409766,373.2
538.32604,52551,432
627.40659,42826,575.4
134.07787,27104,183.6
290.20214,66033,454.8
562.39978,133600,1108.8
338.04319,60735,426.6
358.18732,95003,509.4
264.14818,42227,336
357.20556,47514,584.4
299.11006,30284,454.8
220.18055,18533,460.8
151.13069,49037,511.8
301.07304,764136,249
250.12653,196224,415.8
393.20002,33588,289.2
253.03027,54303,51
322.05745,35493,490.2
293.15939,39280,826.2
227.16398,525036,424.2
547.35574,133382,487.2
239.17221,41467,316.8
281.20132,456669,581.4
386.09431,399602,662.4
157.04965,119960,60.6
464.12207,25767,47.4
205.06253,21077,198
440.31824,1553655,532.8
552.68459,35990,693
422.11982,34015,339
860.51727,370262,632.4
343.17724,36732,569.4
295.15214,208571,546.6
417.18161,36458,646.8
121.07302,60660,86.4
524.35296,125880,589.8
514.24694,80461,426.6
300.16537,49718,289.2
137.14918,129449,60.6
335.18713,3397043,404.4
387.10493,11032,47.4
280.06147,605954,367.2
259.08407,3007494,490.2
406.18882,58656,98.4
352.23389,57267,378.6
310.24511,71687,535.8
241.01545,47205,396
495.05808,41884,451.8
392.57311,71465,437.4
558.24751,89491,783.6
563.85406,45520,561
135.09805,21274,201
565.30414,1441392,726
184.12742,22374,225
503.35403,92177,1053.6
619.91486,44653,655.8
172.13273,130614,63.6
214.09246,25053,350.4
298.98783,54021,378.6
136.05045,1580557,195
428.15031,35648,520.8
231.22883,27294,723.6
237.1142,54461,490.2
177.13839,13026156,98.4
611.38439,27705,520.8
193.13334,920714,78
254.99498,55527,396
172.98937,15660,28.8
236.02447,309745,572.4
240.16483,53118,138
512.16577,34580,541.2
423.13961,102219,475.8
238.20983,1408373,726
172.20588,217848,626.4
319.12656,881665,717
281.07299,24728,297.6
251.16358,79343,325.2
228.23653,49587,762
238.10334,225885,303
286.11381,39910,249
513.32602,68382,448.8
166.07523,168269,162.6
305.03303,13774,952.8
578.19752,65267,720.6
258.30576,165463,906
377.09871,74894,135
368.28475,26072,1078.2
200.11801,17658660,472.8
330.08049,4292691,737.4
372.22208,43088,311.4
385.26698,118770,509.4
215.09144,49424,316.8
290.17882,6367168,729.6
281.10557,592326,538.8
515.24321,120513,584.4
762.55642,17759,1053.6
182.1175,89307,558
569.86791,31260,493.8
529.88317,21713,1102.8
315.16603,73100,589.8
425.18698,11275441,440.4
329.00494,21063,412.8
615.28419,1274703,587.4
738.44049,67837,558
155.11098,376150,186.6
162.96951,177770,38.4
420.03577,59334,457.8
393.12488,34918,587.4
458.29847,66061,496.8
641.92704,38272,649.8
378.17174,31353,177.6
221.12819,85572,265.8
383.2445,24204,469.8
214.098,27228,421.8
316.17594,2340435,587.4
153.01956,51331,325.2
431.99907,62063,440.4
571.36516,19292,598.8
263.17247,296509,83.4
310.15046,77278,589.8
493.84849,14440,1050.6
251.18349,660069,319.8
136.11052,28189,234
146.12858,52329,44.4
524.35769,48082,601.8
546.15141,18631,240
428.18582,47878,132
319.26265,42794,532.8
480.79721,48938,415.8
198.11249,98103,111
586.37726,16026,228
455.30759,24268,671.4
577.37025,88367,1108.8
418.19688,2955375,646.8
161.08076,53430,210
457.13096,33508,396
145.08571,52593,292.2
240.1453,20941,132
224.06078,18001,111
197.07981,44547,401.4
268.14701,54264,254.4
278.04148,1696175,308.4
502.2171,186457,487.2
475.25102,37099,659.4
158.15374,115579,292.2
395.08062,129806,900
401.22224,268588,584.4
467.79889,33030,617.4
188.07448,58650,361.8
229.27114,12876034,759
207.14612,29567,546.6
202.22294,75322,641.4
638.84259,21581,92.4
470.2094,42723,254.4
201.06792,62515,437.4
348.15636,19075,668.4
427.26672,616701,665.4
453.6351,59756,589.8
259.05928,108618,308.4
183.12389,279147,44.4
276.20696,91894,237
242.1112,172142,538.8
303.1126,30025,355.8
271.1647,37854,86.4
326.06988,103000,909
434.34391,51549,652.8
386.08775,35340,572.4
489.0193,107245,572.4
795.33476,261043,659.4
304.17922,41059,333
361.03581,26713,607.8
153.16504,27125,216
275.21744,767555,132
516.2786,21169,418.8
564.35691,44381,526.8
490.28496,110423,322.8
226.11763,58052,426.6
264.07969,82960,376.2
331.20787,14553,890.4
165.31238,16028,101.4
360.28217,47698,862.8
528.30921,907188,451.8
242.16164,49066,526.8
750.49041,1161905,614.4
239.19724,140413,478.8
443.08262,122447,624
300.2779,596280,490.2
310.2167,46196924,535.8
504.15757,963294,581.4
258.00699,53256,352.8
240.16775,35619,132
195.13164,4767497,66.6
264.21644,49597,319.8
172.97844,57650,1383.6
417.21273,30129,646.8
206.18992,36272,412.8
309.09566,423434,78
275.0582,264228,490.2
344.07088,27970,114
517.34518,177672,552.6
184.11454,17844,186.6
363.11713,64540,66.6
296.13209,39022,720.6
457.06191,47989,566.4
375.25048,425593,1059.6
249.13115,261871,638.4
250.17999,14239246,319.8
546.86793,68778,595.8
280.13373,38030,546.6
157.02741,204055,63.6
665.42322,96983,1108.8
331.20851,14332,1159.2
233.13303,31470,655.8
296.10536,31464,509.4
430.24246,36131,1421.4
429.07911,15551,114
630.47804,118590,1053.6
465.30013,28079,466.8
419.26737,43503,626.4
447.25996,33191,308.4
246.02151,215980,339
363.11141,99375,881.4
342.15359,16520,210
738.48299,54520,463.8
251.14934,45660,325.2
141.07393,12280,114
215.11514,1887543,543.6
278.20243,59295,552.6
130.15892,49451,1496.4
518.81509,31815,418.8
535.0904,131425,308.4
169.14118,6223472,192
235.11555,199655,475.8
289.10402,80335,626.4
288.27022,106073,807.6
482.9846,46657,598.8
546.84048,91379,429.6
308.14551,40805,807.6
199.13212,17481,690
258.0182,32491,352.8
321.18008,49514,153.6
233.11658,400818,638.4
426.18939,276013,132
222.00896,116609,566.4
351.21719,21427,367.2
327.1469,24489,592.8
467.301,1707810,404.4
288.31748,70639,804.6
285.1445,2321833,735
221.16948,943683,210
232.11593,35839,652.8
376.77019,13621904,387.6
445.13376,24910,940.2
291.16453,29353,813.6
532.67436,19109,743.4
315.18307,63019,572.4
429.21261,2734983,300.6
211.964,741877,249
198.09844,34518,213
157.97869,80186,44.4
401.20611,76120,783.6
143.95072,30672,41.4
242.14895,86081,72
230.08835,58452,756
305.25882,61168,610.8
273.29751,13701,962.4
202.18787,35821,641.4
407.20339,59620,884.4
460.25239,108365,523.8
620.72531,22751,747
269.10531,15966476,295.2
283.02795,28351,396
394.11121,14582,180.6
209.06807,42630,195
467.29053,1621954,502.8
193.13113,246987,546.6
241.04394,36537,451.8
253.14489,32765,451.8
119.07015,798440,141
220.1296,87505,305.4
171.13789,246323,566.4
372.07802,279482,378.6
471.07314,1084289,195
455.62054,31309,592.8
357.10055,15719,853.8
267.10989,89870,361.8
276.23749,3901830,328.2
256.16107,139168,511.8
153.57823,18160,213
531.86349,65045,635.4
380.21304,127422,514.8
304.20185,40509,213
224.05429,168820,409.8
272.14968,23872,729.6
335.08531,127797,60.6
260.04575,1256445,177.6
219.00874,2977806,566.4
254.02817,51409,44.4
352.24176,34138,262.8
156.83946,122172,60.6
329.0823,1550782,677.4
373.20071,94434,575.4
383.17913,27648,921.6
366.22273,35394,677.4
375.22854,79170,256.8
546.84513,58303,432
438.19468,30632,765
570.85331,52190,598.8
455.12436,27355,499.8
429.25098,22658,1078.2
381.06861,76619,801.6
590.86385,53785,443.4
267.07658,102853,674.4
